Fonte,Título,Link
OPAS - Documentos Técnicos,Publicações,https://www.paho.org/pt/publicacoes
OPAS - Documentos Técnicos,Biblioteca Digital de Saúde,https://iris.paho.org/
OPAS - Documentos Técnicos,Biblioteca Virtual em Saúde,http://bvsalud.org/es/
OPAS - Documentos Técnicos,Campus Virtual de Saúde Pública,https://www.campusvirtualsp.org/es
OPAS - Documentos Técnicos,Centros Colaboradores da OPAS/OMS,https://www.paho.org/pt/centros-colaboradores-da-opasoms
OPAS - Documentos Técnicos,Fundos Rotatório Regionais,https://www.paho.org/en/regional-revolving-funds
OPAS - Documentos Técnicos,Década do Envelhecimento Saudável,https://www.paho.org/pt/decada-do-envelhecimento-saudavel-nas-americas-2021-2030
OPAS - Documentos Técnicos,Iniciativa de eliminação,https://www.paho.org/pt/iniciativa-eliminacao
OPAS - Documentos Técnicos,Migração e saúde nas Américas,https://www.paho.org/pt/migracao-e-saude-nas-americas
OPAS - Documentos Técnicos,HEARTS nas Américas,https://www.paho.org/pt/hearts-nas-americas
OPAS - Notícias Técnicas,Publicações,https://www.paho.org/pt/publicacoes
OPAS - Notícias Técnicas,Biblioteca Digital de Saúde,https://iris.paho.org/
OPAS - Notícias Técnicas,Biblioteca Virtual em Saúde,http://bvsalud.org/es/
OPAS - Notícias Técnicas,Campus Virtual de Saúde Pública,https://www.campusvirtualsp.org/es
OPAS - Notícias Técnicas,Centros Colaboradores da OPAS/OMS,https://www.paho.org/pt/centros-colaboradores-da-opasoms
OPAS - Notícias Técnicas,Fundos Rotatório Regionais,https://www.paho.org/en/regional-revolving-funds
OPAS - Notícias Técnicas,Década do Envelhecimento Saudável,https://www.paho.org/pt/decada-do-envelhecimento-saudavel-nas-americas-2021-2030
OPAS - Notícias Técnicas,Iniciativa de eliminação,https://www.paho.org/pt/iniciativa-eliminacao
OPAS - Notícias Técnicas,Migração e saúde nas Américas,https://www.paho.org/pt/migracao-e-saude-nas-americas
OPAS - Notícias Técnicas,HEARTS nas Américas,https://www.paho.org/pt/hearts-nas-americas
OPAS - Publicações,Publicações,https://www.paho.org/pt/publicacoes
OPAS - Publicações,Biblioteca Digital de Saúde,https://iris.paho.org/
OPAS - Publicações,Biblioteca Virtual em Saúde,http://bvsalud.org/es/
OPAS - Publicações,Campus Virtual de Saúde Pública,https://www.campusvirtualsp.org/es
OPAS - Publicações,Centros Colaboradores da OPAS/OMS,https://www.paho.org/pt/centros-colaboradores-da-opasoms
OPAS - Publicações,Fundos Rotatório Regionais,https://www.paho.org/en/regional-revolving-funds
OPAS - Publicações,Década do Envelhecimento Saudável,https://www.paho.org/pt/decada-do-envelhecimento-saudavel-nas-americas-2021-2030
OPAS - Publicações,Iniciativa de eliminação,https://www.paho.org/pt/iniciativa-eliminacao
OPAS - Publicações,Migração e saúde nas Américas,https://www.paho.org/pt/migracao-e-saude-nas-americas
OPAS - Publicações,HEARTS nas Américas,https://www.paho.org/pt/hearts-nas-americas
Anvisa - Notícias,Ir para aPágina Inicial2,https://www.gov.br/anvisa/
Anvisa - Notícias,Agência Nacional de Vigilância Sanitária - Anvisa,https://www.gov.br/anvisa/pt-br
Anvisa - Notícias,imposto de renda,https://www.gov.br/anvisa/pt-br/search?origem=termos&SearchableText=imposto de renda
Anvisa - Notícias,imposto de renda,https://www.gov.br/anvisa/pt-br/search?origem=termos&SearchableText=imposto de renda
Anvisa - Notícias,Agrotóxicos,https://www.gov.br/anvisa/pt-br/assuntos/agrotoxicos
Anvisa - Notícias,Disque intoxicação,https://www.gov.br/anvisa/pt-br/assuntos/agrotoxicos/disque-intoxicacao
Anvisa - Notícias,Monografias de agrotóxicos,https://www.gov.br/anvisa/pt-br/setorregulado/regularizacao/agrotoxicos/monografias
Anvisa - Notícias,Programa de Análise de Resíduos de Agrotóxicos em Alimentos - Para,https://www.gov.br/anvisa/pt-br/assuntos/agrotoxicos/programa-de-analise-de-residuos-em-alimentos
Anvisa - Notícias,Reavaliação de Agrotóxicos,https://www.gov.br/anvisa/pt-br/acessoainformacao/perguntasfrequentes/agrotoxicos/reavaliacao-de-agrotoxicos
Anvisa - Notícias,Legislação vigente,https://anvisalegis.datalegis.net/action/ActionDatalegis.php?acao=recuperarTematicasCollapse&cod_modulo=135&cod_menu=1685
Fiocruz - Notas Técnicas,Portal do Governo Brasileiro,http://brasil.gov.br
Fiocruz - Notas Técnicas,Atualize sua Barra de Governo,http://epwg.governoeletronico.gov.br/barra/atualize.html
Fiocruz - Notas Técnicas,Fale conosco,https://fiocruz.br/fale-conosco
Fiocruz - Notas Técnicas,Visite a Fiocruz,https://portal.fiocruz.br/pesquisas-notas-tecnicas-e-relatorios/visite-fiocruz-enderecos-e-contatos
Fiocruz - Notas Técnicas,Acessibilidade,https://portal.fiocruz.br/pesquisas-notas-tecnicas-e-relatorios/acessibilidade
Fiocruz - Notas Técnicas,Abrascão 2018,https://portal.fiocruz.br/pesquisas-notas-tecnicas-e-relatorios/abrascao-2018
Fiocruz - Notas Técnicas,Linha do tempo,https://portal.fiocruz.br/pesquisas-notas-tecnicas-e-relatorios/linha-do-tempo
Fiocruz - Notas Técnicas,Galeria de presidentes,https://portal.fiocruz.br/pesquisas-notas-tecnicas-e-relatorios/galeria-de-presidentes
Fiocruz - Notas Técnicas,Galeria de Honra,https://portal.fiocruz.br/pesquisas-notas-tecnicas-e-relatorios/galeria-de-honra
Fiocruz - Notas Técnicas,Mosaico Fiocruz,https://portal.fiocruz.br/pesquisas-notas-tecnicas-e-relatorios/curiosidades
CDC - A-Z Topics,Other Languages,https://wwwn.cdc.gov/pubs/other-languages/
CDC - A-Z Topics,"Centers for Disease Control and Prevention. CDC twenty four seven. Saving Lives, Protecting People",https://www.cdc.gov/
CDC - A-Z Topics,Travelers' Health,https://wwwnc.cdc.gov/travel/
CDC - A-Z Topics,Publications,https://www.cdc.gov/health-topics.html#cdc-atozlist/publications/index.html
CDC - A-Z Topics,CDC.GOV HOME,https://www.cdc.gov/
CDC - A-Z Topics,Centers for Disease Control and Prevention,https://www.cdc.gov/health-topics.html#cdc-atozlist//www.cdc.gov/
CDC - A-Z Topics,Diseases & Conditions,https://www.cdc.gov/health-topics.html#cdc-atozlist/DiseasesConditions/
CDC - A-Z Topics,Healthy Living,https://www.cdc.gov/health-topics.html#cdc-atozlist/HealthyLiving/
CDC - A-Z Topics,Travelersâ Health,https://wwwnc.cdc.gov/travel/
CDC - A-Z Topics,Emergency Preparedness,https://emergency.cdc.gov/
